{"cameraMode":{"drawMode":0,"name":"Shaded","section":"Shading Mode"},"sceneLighting":true,"audioPlay":false,"sceneViewState":{"m_AlwaysRefresh":false,"showFog":true,"showSkybox":true,"showFlares":true,"showImageEffects":true,"showParticleSystems":true,"showVisualEffectGraphs":true,"m_FxEnabled":true},"in2DMode":false,"pivot":{"x":-2.074113607406616,"y":0.9527441263198853,"z":2.710300922393799},"rotation":{"x":0.17309531569480897,"y":0.017727317288517953,"z":-0.003116159699857235,"w":0.9847410917282105},"size":3.7449848651885988,"orthographic":true}