{"cameraMode":{"drawMode":0,"name":"Shaded","section":"Shading Mode"},"sceneLighting":true,"audioPlay":false,"sceneViewState":{"m_AlwaysRefresh":false,"showFog":true,"showSkybox":true,"showFlares":true,"showImageEffects":true,"showParticleSystems":true,"showVisualEffectGraphs":true,"m_FxEnabled":true},"in2DMode":false,"pivot":{"x":-0.017073631286621095,"y":0.04897022247314453,"z":-0.017073631286621095},"rotation":{"x":-0.0866132602095604,"y":0.8999052047729492,"z":-0.20910291373729707,"w":-0.37275293469429018},"size":9.09999942779541,"orthographic":false}